filename,label,mean_distance,std_dev
gesture_0_20250521_040949_916399.jpg,0,22.600772385967133,10.514086724356801
gesture_0_20250521_040950_687812.jpg,0,27.149227146499907,14.057057953891615
gesture_0_20250521_040950_945610.jpg,0,27.343796552904188,14.15761571038609
gesture_0_20250521_040951_184655.jpg,0,27.3894798384005,14.230113613519965
gesture_0_20250521_040951_586583.jpg,0,26.368584759167693,14.016285528017235
gesture_0_20250521_040952_017406.jpg,0,26.145262511479316,13.886814836563756
gesture_0_20250521_040952_416409.jpg,0,21.81283752455091,10.43332336787216
gesture_0_20250521_040952_770572.jpg,0,26.411671748159034,13.890170961202712
gesture_0_20250521_040953_104392.jpg,0,27.198367123069975,14.440911414785761
gesture_0_20250521_040953_408582.jpg,0,27.26341072455656,14.219637708297176
gesture_0_20250521_040953_840841.jpg,0,28.1957105311853,14.224483899813231
gesture_0_20250521_040954_371346.jpg,0,22.439094127991495,10.158548523835998
gesture_0_20250521_040954_433102.jpg,0,22.112414600697132,9.992019479494553
gesture_0_20250521_040954_511740.jpg,0,22.142470187784017,10.037664291532144
gesture_0_20250521_040954_560678.jpg,0,22.30269748442976,10.082239189942182
gesture_0_20250521_040954_607943.jpg,0,22.373657148745004,10.127470276853854
gesture_0_20250521_040954_672971.jpg,0,22.127910698170197,9.949153085292206
gesture_0_20250521_040954_768716.jpg,0,22.156750839500663,9.846216775100565
gesture_0_20250521_040954_833575.jpg,0,22.38013351412706,9.913822711341307
gesture_0_20250521_040954_897032.jpg,0,22.311483774492835,9.849902200974558
gesture_0_20250521_040954_975108.jpg,0,22.40905082895823,9.716500531880625
gesture_0_20250521_040955_012582.jpg,0,22.375875574534668,9.866675659196632
gesture_0_20250521_040955_071890.jpg,0,22.2061686043065,9.628056927895615
gesture_0_20250521_040955_171131.jpg,0,22.351705608045254,9.784254233701189
gesture_0_20250521_040955_334517.jpg,0,22.183986586022694,9.619977564164925
gesture_0_20250521_040955_635383.jpg,0,22.212526385547154,9.808542232575437
gesture_0_20250521_040955_969405.jpg,0,27.554823040027177,14.146579444207667
gesture_0_20250521_040956_207951.jpg,0,21.829290462698584,10.129061895460552
gesture_0_20250521_040956_687671.jpg,0,21.725228001538216,10.130527399531442
gesture_0_20250521_040956_802074.jpg,0,21.816338219593277,10.326873585714878
gesture_0_20250521_040956_863842.jpg,0,21.569816265917176,10.189795744341042
gesture_0_20250521_040956_926540.jpg,0,21.65478469388048,10.302775112724637
gesture_0_20250521_040956_994191.jpg,0,21.580340921516573,10.149229945841142
gesture_0_20250521_040957_201442.jpg,0,21.39424516658771,10.218138806881655
gesture_0_20250521_040957_473606.jpg,0,21.48210040013283,10.327052006905417
gesture_0_20250521_040957_968413.jpg,0,21.615317372521442,10.271932964190702
gesture_0_20250521_040958_033726.jpg,0,21.645676116562647,10.323139442670767
gesture_0_20250521_040958_096775.jpg,0,20.466008479570586,9.943695203296944
gesture_0_20250521_040958_161590.jpg,0,21.405030131561524,10.244570954532147
gesture_0_20250521_040958_226216.jpg,0,20.380897124688378,9.756736018753461
gesture_0_20250521_040958_288674.jpg,0,21.46200335999141,10.166733203867889
gesture_0_20250521_040958_370178.jpg,0,21.424919028898305,10.201325331347267
gesture_0_20250521_040958_435701.jpg,0,21.43112702573103,10.13463344874478
gesture_0_20250521_040958_495883.jpg,0,21.308657221358843,10.084326674585203
gesture_0_20250521_040958_561663.jpg,0,21.554737627181996,9.952753435999355
gesture_0_20250521_040958_625510.jpg,0,21.436407608098424,10.007334308924163
gesture_0_20250521_040958_692147.jpg,0,21.482789385190944,10.011476307509419
gesture_0_20250521_040959_089599.jpg,0,21.43997791383042,9.816882196856596
gesture_0_20250521_040959_632528.jpg,0,21.959513255150892,9.976715856943795
gesture_0_20250521_040959_697331.jpg,0,22.079762237005276,10.05413829535441
gesture_0_20250521_040959_759708.jpg,0,22.046258664076998,10.200669555984332
gesture_0_20250521_040959_824363.jpg,0,21.969815247205943,9.929851350549908
gesture_0_20250521_040959_889673.jpg,0,22.29209639020345,10.173559134679689
gesture_0_20250521_040959_953896.jpg,0,22.29011870188077,10.078765508687118
gesture_0_20250521_041000_035321.jpg,0,22.471648171418035,10.229666705716724
gesture_0_20250521_041000_096745.jpg,0,22.40512137452791,10.26683108979873
gesture_0_20250521_041000_163391.jpg,0,22.67239195553551,10.271627664031227
gesture_0_20250521_041000_228125.jpg,0,22.596181697160358,10.289859322857636
gesture_0_20250521_041000_290211.jpg,0,22.643492714381942,10.281348628093474
gesture_0_20250521_041000_352007.jpg,0,22.75186960576511,10.332995332640447
gesture_0_20250521_041000_417396.jpg,0,22.55918416107771,10.279839687802127
gesture_0_20250521_041000_720987.jpg,0,22.721842139196543,10.354436442810734
gesture_0_20250521_041001_250128.jpg,0,22.69394146291866,10.162301019602529
gesture_0_20250521_041001_329442.jpg,0,28.108055967396634,14.412931222617955
gesture_0_20250521_041001_395170.jpg,0,22.76650643198224,10.250203723294847
gesture_0_20250521_041001_456088.jpg,0,22.459204964766183,10.009704582794503
gesture_0_20250521_041001_521223.jpg,0,22.49881135118517,9.996559534458541
gesture_0_20250521_041001_585023.jpg,0,22.54483680660989,9.906833841809073
gesture_0_20250521_041001_648018.jpg,0,22.615904891525638,10.05587319718232
gesture_0_20250521_041001_729468.jpg,0,22.559218688789503,9.939500134948458
gesture_0_20250521_041002_015822.jpg,0,22.56424069469869,9.959321634012593
gesture_0_20250521_041002_562035.jpg,0,22.28999395673085,9.899500497602174
gesture_0_20250521_041002_624271.jpg,0,22.303657789030705,9.94151196828919
gesture_0_20250521_041002_688058.jpg,0,22.1076045088568,9.902790757629589
gesture_0_20250521_041002_751425.jpg,0,22.2408162485916,10.240590500728747
gesture_0_20250521_041002_818449.jpg,0,21.93838697141659,10.0752174217869
gesture_0_20250521_041002_881126.jpg,0,22.138256915311917,10.192510067671268
gesture_0_20250521_041002_944840.jpg,0,22.06380703050962,10.176252667029242
gesture_0_20250521_041003_024791.jpg,0,22.012858508381306,10.106025037851804
gesture_0_20250521_041003_089838.jpg,0,22.03915953362921,10.053731409338404
gesture_0_20250521_041003_151836.jpg,0,22.07511233362383,10.159137161964777
gesture_0_20250521_041003_216776.jpg,0,22.03548589407782,10.02340143060932
gesture_0_20250521_041003_280693.jpg,0,22.257002356456905,10.045900118075409
gesture_0_20250521_041003_346258.jpg,0,22.05630029534462,10.022523506454732
gesture_0_20250521_041003_424883.jpg,0,22.00937301797911,9.91945413996439
gesture_0_20250521_041003_487824.jpg,0,22.24032863419213,10.051780856064415
gesture_0_20250521_041003_554501.jpg,0,21.991978405341154,9.875765143027245
gesture_0_20250521_041003_617456.jpg,0,22.12751116115162,10.046477503166992
gesture_0_20250521_041003_680801.jpg,0,22.094275856655003,10.109006698793676
gesture_0_20250521_041003_744506.jpg,0,22.09772359531967,9.969716474240995
gesture_0_20250521_041003_985644.jpg,0,21.980854128492936,9.94434183800212
gesture_0_20250521_041004_512923.jpg,0,21.870220687666645,10.03472976208203
gesture_0_20250521_041004_577555.jpg,0,21.905440743843336,10.095892786742441
gesture_0_20250521_041004_643607.jpg,0,21.918563520720042,10.068337050434373
gesture_0_20250521_041004_720170.jpg,0,21.74627834029563,10.039600015014232
gesture_0_20250521_041004_784082.jpg,0,21.862332728180423,10.103643814924528
gesture_0_20250521_041004_848672.jpg,0,21.657691593176978,10.027539580728563
gesture_0_20250521_041004_913114.jpg,0,21.70765634072625,9.976141472581075
gesture_0_20250521_041004_972858.jpg,0,21.630511973490922,10.095353850349072
gesture_0_20250521_041005_036163.jpg,0,21.877339320210886,10.06238432985164
gesture_0_20250521_041005_155098.jpg,0,21.63156414643942,9.923394620742672
gesture_0_20250521_041005_185026.jpg,0,21.768195346148996,9.958047855855172
gesture_0_20250521_041005_253460.jpg,0,21.70447244231245,10.05186982914182
gesture_0_20250521_041005_312367.jpg,0,21.40474470608846,9.895662763693066
gesture_0_20250521_041005_377307.jpg,0,21.606730586858585,9.99982437766279
gesture_0_20250521_041005_440371.jpg,0,21.6220225760777,10.017269387747874
gesture_0_20250521_041005_504569.jpg,0,21.67874873666684,9.951311335077417
gesture_0_20250521_041005_584905.jpg,0,21.748837925464205,9.919486529456966
gesture_0_20250521_041005_647634.jpg,0,21.89120532759629,9.962976266521823
gesture_0_20250521_041005_716985.jpg,0,21.664763431205376,9.806290767100947
gesture_0_20250521_041005_776747.jpg,0,21.863951534053108,9.925341894525946
gesture_0_20250521_041005_841214.jpg,0,21.640342312266117,9.77246673064358
gesture_0_20250521_041005_907613.jpg,0,21.789357554402752,9.92133937375234
gesture_0_20250521_041005_993619.jpg,0,21.613800204865445,9.805948683212959
gesture_0_20250521_041006_047965.jpg,0,21.359274145247188,9.81289455002716
gesture_0_20250521_041006_110073.jpg,0,21.576216531898012,9.86898268278156
gesture_0_20250521_041006_178484.jpg,0,21.64993782174273,9.75157898520588
gesture_0_20250521_041006_240713.jpg,0,21.531275916239007,9.712735363906404
gesture_0_20250521_041006_306247.jpg,0,21.693851741628162,9.853127274465336
gesture_0_20250521_041006_420087.jpg,0,21.752585113758908,9.845066115389299
gesture_0_20250521_041006_448961.jpg,0,21.48394010176535,9.768921105961294
gesture_0_20250521_041006_511915.jpg,0,21.666311512027406,9.846850606136265
gesture_0_20250521_041006_576852.jpg,0,21.734050633361147,9.895178867993188
gesture_0_20250521_041006_641657.jpg,0,21.46419716491779,9.807670721842769
gesture_0_20250521_041006_707299.jpg,0,21.679210839129098,9.641184905038571
gesture_0_20250521_041006_815146.jpg,0,21.99208024747374,9.790786043290701
gesture_0_20250521_041006_860651.jpg,0,21.81915094769517,9.861077784617569
gesture_0_20250521_041007_504047.jpg,0,21.75205264232315,9.882979359883537
gesture_0_20250521_041008_002972.jpg,0,21.439453089342425,9.762998437725308
gesture_0_20250521_041008_081866.jpg,0,21.794508094607828,9.737390695719663
gesture_0_20250521_041008_128344.jpg,0,21.599152883579105,9.71051901366291
gesture_0_20250521_041008_177816.jpg,0,21.73397915396807,9.891745925638121
gesture_0_20250521_041008_243433.jpg,0,21.71415587073635,9.752087641883131
gesture_0_20250521_041008_303782.jpg,0,22.01791055381466,10.038122289889689
gesture_0_20250521_041008_403850.jpg,0,21.942554142931876,9.985117320952956
gesture_0_20250521_041008_464294.jpg,0,21.55507877724979,9.940584128680829
gesture_0_20250521_041008_545718.jpg,0,21.555345107542625,9.888918210941835
gesture_0_20250521_041008_576278.jpg,0,21.685563802590668,9.87891786454825
gesture_0_20250521_041008_639909.jpg,0,21.718713641319727,9.83007429036212
gesture_0_20250521_041008_704875.jpg,0,21.709347315673845,9.786916439717993
gesture_0_20250521_041008_800354.jpg,0,21.641322789404345,9.797312915783706
gesture_0_20250521_041008_864924.jpg,0,21.910727423656457,9.836139588484576
gesture_0_20250521_041008_946302.jpg,0,21.748479272630213,9.742395202731553
gesture_0_20250521_041008_977322.jpg,0,21.80318106605559,9.86649170391187
gesture_0_20250521_041009_040367.jpg,0,21.80326551003148,9.971727435772703
gesture_0_20250521_041009_103634.jpg,0,21.698868415430184,9.876419037920455
gesture_0_20250521_041009_201206.jpg,0,21.76439230621614,9.924617321400854
gesture_0_20250521_041009_264997.jpg,0,21.48336516155642,9.725098789137743
gesture_0_20250521_041009_343466.jpg,0,21.808627410358696,9.915588807294204
gesture_0_20250521_041009_388770.jpg,0,21.697203584196913,9.730686645217599
gesture_0_20250521_041009_439462.jpg,0,21.734674305013858,9.797500458872602
gesture_0_20250521_041009_504377.jpg,0,21.643872031912984,9.78014081447699
gesture_0_20250521_041009_602723.jpg,0,21.581315976819752,9.771661350610819
gesture_0_20250521_041009_667200.jpg,0,21.733964853820495,9.66708128695347
gesture_0_20250521_041009_729743.jpg,0,21.657756584033045,9.862257931587536
gesture_0_20250521_041009_808816.jpg,0,21.53885748186247,9.657513577622293
gesture_0_20250521_041009_844764.jpg,0,21.47750899210221,9.635977848203575
gesture_1_20250521_041014_465824.jpg,1,21.294557868895964,9.42872997349501
gesture_1_20250521_041014_995550.jpg,1,22.267673633886737,8.802808938420009
gesture_1_20250521_041015_057658.jpg,1,22.24840077035374,8.823242110590064
gesture_1_20250521_041015_121035.jpg,1,22.2413884621595,8.850737920880258
gesture_1_20250521_041015_185723.jpg,1,22.132184232051454,8.968011198269005
gesture_1_20250521_041015_247699.jpg,1,21.856153649340506,8.927467856347583
gesture_1_20250521_041015_332247.jpg,1,21.69644032791485,9.129805445644147
gesture_1_20250521_041015_395744.jpg,1,21.627806056703704,8.926887680725821
gesture_1_20250521_041015_455582.jpg,1,21.695994416890986,8.942217939787673
gesture_1_20250521_041015_521502.jpg,1,22.015155990908987,8.85965532771539
gesture_1_20250521_041015_584194.jpg,1,22.105110979263706,8.79865302571465
gesture_1_20250521_041015_648283.jpg,1,22.070807435620335,8.951558367573451
gesture_1_20250521_041015_728295.jpg,1,21.84307532572955,9.058434584808174
gesture_1_20250521_041015_794391.jpg,1,21.849260371580083,8.780016686124476
gesture_1_20250521_041015_857650.jpg,1,21.42393986813061,9.072947019282998
gesture_1_20250521_041015_922205.jpg,1,21.66451930060113,8.749859478402085
gesture_1_20250521_041015_985420.jpg,1,21.932986511345323,8.71288009458458
gesture_1_20250521_041016_049326.jpg,1,21.978101709862724,8.80657437432346
gesture_1_20250521_041016_127959.jpg,1,21.84767620715999,8.849792464811513
gesture_1_20250521_041016_194214.jpg,1,21.802210731153068,8.955014909348904
gesture_1_20250521_041016_258261.jpg,1,21.503836699165653,8.906587417694201
gesture_1_20250521_041016_320210.jpg,1,21.28360955347517,9.021039595664146
gesture_1_20250521_041016_385780.jpg,1,22.093209947534366,8.779856175629652
gesture_1_20250521_041016_448183.jpg,1,22.22853781352707,8.707590678571593
gesture_1_20250521_041016_515308.jpg,1,22.120304699161753,8.640134572937079
gesture_1_20250521_041016_592940.jpg,1,22.170919026637833,8.638141238778617
gesture_1_20250521_041016_657104.jpg,1,22.100970611010286,8.637163233749973
gesture_1_20250521_041016_719553.jpg,1,22.211941290677203,8.684404287898511
gesture_1_20250521_041016_784987.jpg,1,22.113484879213765,8.760216316566085
gesture_1_20250521_041016_847390.jpg,1,21.779520526528973,8.710096379220468
gesture_1_20250521_041016_912210.jpg,1,21.8554888677736,8.775087443777906
gesture_1_20250521_041016_994978.jpg,1,21.612579123085254,8.918991420683298
gesture_1_20250521_041017_058573.jpg,1,21.452783624886333,9.0821096295764
gesture_1_20250521_041017_120905.jpg,1,21.331073588811645,9.096137092878257
gesture_1_20250521_041017_184738.jpg,1,21.195613005068918,9.09378020408491
gesture_1_20250521_041017_248734.jpg,1,20.978452330337106,9.214832195479854
gesture_1_20250521_041017_311946.jpg,1,20.84660363655564,9.232213527150193
gesture_1_20250521_041017_378079.jpg,1,20.90139400855733,9.129499912711646
gesture_1_20250521_041017_455855.jpg,1,20.93730332171369,9.250667794148645
gesture_1_20250521_041017_519841.jpg,1,20.887285791584095,9.246921352314885
gesture_1_20250521_041017_586605.jpg,1,21.25805977983902,9.074366176619337
gesture_1_20250521_041017_650343.jpg,1,21.189280670545642,9.016061304856228
gesture_1_20250521_041017_712657.jpg,1,21.487568033911614,8.902781914346583
gesture_1_20250521_041017_776024.jpg,1,21.3084661841311,8.954097573312163
gesture_1_20250521_041017_855885.jpg,1,21.67073901468644,8.797364721895166
gesture_1_20250521_041017_923604.jpg,1,21.848460374608198,8.867861125157434
gesture_1_20250521_041017_984070.jpg,1,21.837175753594988,8.831864582624867
gesture_1_20250521_041018_047633.jpg,1,21.75642123430778,8.900947394025591
gesture_1_20250521_041018_113012.jpg,1,25.548219203407264,12.274151198246432
gesture_1_20250521_041018_175573.jpg,1,21.128450581676518,9.109044391979282
gesture_1_20250521_041018_257750.jpg,1,21.17958543819411,9.186892770151825
gesture_1_20250521_041018_320695.jpg,1,21.137304894902908,9.29102544657793
gesture_1_20250521_041018_384407.jpg,1,21.048115924700852,9.197174498722585
gesture_1_20250521_041018_448773.jpg,1,21.060612172266403,9.25226284044126
gesture_1_20250521_041018_514086.jpg,1,21.149624844635976,9.174703051132434
gesture_1_20250521_041019_153405.jpg,1,21.1808744791135,9.189020651068237
gesture_1_20250521_041019_649683.jpg,1,20.46062050847631,9.279873286099694
gesture_1_20250521_041019_712737.jpg,1,20.130543064414336,9.437115155289028
gesture_1_20250521_041019_777576.jpg,1,20.143792296585488,9.466771256780548
gesture_1_20250521_041019_840524.jpg,1,20.28819690030148,9.282254593018914
gesture_1_20250521_041019_904513.jpg,1,20.454915892972288,9.354731021140864
gesture_1_20250521_041019_996610.jpg,1,20.457579079850273,9.325138912074374
gesture_1_20250521_041020_052204.jpg,1,20.391263104021192,9.262619233384198
gesture_1_20250521_041020_114738.jpg,1,20.485287467981173,9.17963346437188
gesture_1_20250521_041020_175658.jpg,1,20.89112753746081,9.187525046495503
gesture_1_20250521_041020_240768.jpg,1,20.945914996027852,9.265610635934946
gesture_1_20250521_041020_304659.jpg,1,21.13649091669647,9.285924483984196
gesture_1_20250521_041020_416269.jpg,1,21.467714633253557,9.082900443634097
gesture_1_20250521_041020_448970.jpg,1,21.32049354042843,9.001699665566568
gesture_1_20250521_041020_513514.jpg,1,21.322395981095603,8.928421504039203
gesture_1_20250521_041020_579564.jpg,1,21.430578266940717,8.968383842555518
gesture_1_20250521_041020_641010.jpg,1,21.57506662997484,8.969200787618028
gesture_1_20250521_041020_703612.jpg,1,22.037938019522283,8.768427638455341
gesture_1_20250521_041020_816086.jpg,1,22.095752831199174,8.692405820655871
gesture_1_20250521_041020_848621.jpg,1,22.046605726670744,8.819148880259048
gesture_1_20250521_041020_913516.jpg,1,22.058923301878774,8.788673826833769
gesture_1_20250521_041020_977910.jpg,1,22.086124324018606,8.671921579320378
gesture_1_20250521_041021_041576.jpg,1,21.837760168190616,8.749647976316538
gesture_1_20250521_041021_106160.jpg,1,21.62020816800145,8.726217896102641
gesture_1_20250521_041021_216188.jpg,1,21.408740057691183,8.971168936967336
gesture_1_20250521_041021_261294.jpg,1,21.408570534650316,9.084163076787146
gesture_1_20250521_041021_312870.jpg,1,21.127476592367646,9.118414538869835
gesture_1_20250521_041021_376692.jpg,1,21.105725818256456,9.18993847535003
gesture_1_20250521_041021_445004.jpg,1,21.118757352455486,9.270136694239923
gesture_1_20250521_041021_507644.jpg,1,21.296063677392414,9.10334587840942
gesture_1_20250521_041021_601023.jpg,1,21.44837516570115,9.092408190673671
gesture_1_20250521_041021_680930.jpg,1,21.406659370352138,9.246790964875387
gesture_1_20250521_041021_712641.jpg,1,21.542175493809395,9.042517086712811
gesture_1_20250521_041021_776421.jpg,1,21.48558729509986,8.88789454193511
gesture_1_20250521_041021_841005.jpg,1,21.798266337751596,8.796711374989851
gesture_1_20250521_041021_906875.jpg,1,22.09191555814167,8.609307903338006
gesture_1_20250521_041021_998909.jpg,1,22.131532409616383,8.544980115509592
gesture_1_20250521_041022_079517.jpg,1,22.3167579367832,8.651789548920618
gesture_1_20250521_041022_128001.jpg,1,22.275431577138992,8.628398897648744
gesture_1_20250521_041022_178441.jpg,1,22.262303485278622,8.652084531864517
gesture_1_20250521_041022_243152.jpg,1,22.16861014795205,8.671766132306903
gesture_1_20250521_041022_311849.jpg,1,22.10881166305056,8.736708393195315
gesture_1_20250521_041022_402161.jpg,1,21.717509495238726,8.916128596975259
gesture_1_20250521_041022_480291.jpg,1,21.438500965103845,9.156921623706898
gesture_1_20250521_041022_525485.jpg,1,21.15898847521722,9.10518442125082
gesture_1_20250521_041022_576847.jpg,1,21.19958896563225,9.140082859911702
gesture_1_20250521_041022_642736.jpg,1,20.83815164532668,9.34611054773948
gesture_1_20250521_041022_706599.jpg,1,20.79200030495398,9.262667231322952
gesture_1_20250521_041022_801815.jpg,1,21.217984277966735,9.131516098422995
gesture_1_20250521_041022_864988.jpg,1,21.486702845972808,8.94381883890989
gesture_1_20250521_041022_944069.jpg,1,21.597224383786322,8.971133760556594
gesture_1_20250521_041022_975530.jpg,1,21.67915866956583,8.906862169272323
gesture_1_20250521_041023_039114.jpg,1,22.02054010654679,8.649507645190559
gesture_1_20250521_041023_105780.jpg,1,22.079811646146258,8.613359277610307
gesture_1_20250521_041023_201066.jpg,1,22.03608116748923,8.613117480756854
gesture_1_20250521_041023_265980.jpg,1,22.123299790497207,8.726583250931048
gesture_1_20250521_041023_347806.jpg,1,21.962417452082136,8.816012718896284
gesture_1_20250521_041023_394013.jpg,1,21.912794643362183,8.707019489019876
gesture_1_20250521_041023_439968.jpg,1,21.672411622380157,8.892343510151477
gesture_1_20250521_041023_503557.jpg,1,21.216648866441627,9.14162170848095
gesture_1_20250521_041023_601705.jpg,1,21.347130196963036,9.032828462688645
gesture_1_20250521_041023_665070.jpg,1,21.459201362972216,9.051476630293342
gesture_1_20250521_041023_728465.jpg,1,21.43942686098044,8.962159118389437
gesture_1_20250521_041023_809019.jpg,1,21.933433713106805,8.718600988442997
gesture_1_20250521_041024_560281.jpg,1,21.563306205672163,8.93278279953259
gesture_1_20250521_041025_074028.jpg,1,21.030945533151094,9.211172558436404
gesture_1_20250521_041025_105137.jpg,1,21.171837568699335,9.194679658055483
gesture_1_20250521_041025_199629.jpg,1,21.349437554710995,9.104452350136212
gesture_1_20250521_041025_263726.jpg,1,21.992265232639138,8.70584029969371
gesture_1_20250521_041025_330847.jpg,1,22.169108255811413,8.728579503759889
gesture_1_20250521_041025_393787.jpg,1,22.0330332743525,8.683839663884626
gesture_1_20250521_041025_474509.jpg,1,21.893129704490047,8.832777494890035
gesture_1_20250521_041025_519079.jpg,1,21.73371541234976,8.916310555421148
gesture_1_20250521_041025_599393.jpg,1,21.00237675729036,9.212440331673015
gesture_1_20250521_041025_666930.jpg,1,21.177758690476253,9.09901064285184
gesture_1_20250521_041025_729125.jpg,1,21.462787707327017,9.145132039594273
gesture_1_20250521_041025_792564.jpg,1,21.1870022576268,9.21225417914332
gesture_1_20250521_041025_872727.jpg,1,21.199706898116435,9.145061621379668
gesture_1_20250521_041025_919953.jpg,1,21.0106911289505,9.215349692912486
gesture_1_20250521_041026_002101.jpg,1,21.192532019186014,9.102182268487194
gesture_1_20250521_041026_065554.jpg,1,21.304794655669546,9.022161647387781
gesture_1_20250521_041026_128941.jpg,1,21.6665455189778,8.967597241689727
gesture_1_20250521_041026_192784.jpg,1,21.92425416465122,8.776190765702584
gesture_1_20250521_041026_255870.jpg,1,21.978487623242057,8.68910510113538
gesture_1_20250521_041026_339381.jpg,1,21.96728261553049,8.584923744378035
gesture_1_20250521_041026_400192.jpg,1,21.89682427667386,8.598124264099297
gesture_1_20250521_041026_463106.jpg,1,21.705363981828512,8.815694908777855
gesture_1_20250521_041026_531884.jpg,1,21.754293472371625,8.739678581015799
gesture_1_20250521_041026_592539.jpg,1,21.351022265505915,8.997989599803182
gesture_1_20250521_041026_656492.jpg,1,21.28407750781846,9.11327278773686
gesture_1_20250521_041026_736089.jpg,1,21.259107899533877,9.187451374650726
gesture_1_20250521_041026_798373.jpg,1,20.775860451745956,9.233659750164033
gesture_1_20250521_041026_864014.jpg,1,20.52476727404958,9.399271617187335
gesture_1_20250521_041026_929542.jpg,1,20.828955576916574,9.294376688045295
gesture_1_20250521_041026_991743.jpg,1,21.219689438532935,9.082683217523948
gesture_1_20250521_041027_059009.jpg,1,21.649524454813616,8.99174984649035
gesture_1_20250521_041027_122302.jpg,1,21.616814106379902,8.883006489423607
gesture_1_20250521_041027_200481.jpg,1,22.073175039754688,8.699854134436142
gesture_1_20250521_041027_265806.jpg,1,22.209430423239397,8.603031406852951
gesture_1_20250521_041027_330919.jpg,1,22.17024877360632,8.543496833591947
gesture_1_20250521_041030_162020.jpg,1,22.439709447386722,8.485397320655025
gesture_1_20250521_041030_657127.jpg,1,22.203336249447855,8.63921609422412
gesture_1_20250521_041030_725112.jpg,1,21.739098910781106,8.923409944565273
gesture_1_20250521_041030_784369.jpg,1,21.625142409596283,8.779447009008946
gesture_1_20250521_041030_847839.jpg,1,21.98776105318308,8.725681705766199
gesture_1_20250521_041030_913107.jpg,1,21.621314994135425,8.899127240286674
gesture_1_20250521_041030_992627.jpg,1,20.463819722424617,9.506819556000595
gesture_1_20250521_041031_054230.jpg,1,20.5941970513204,9.472835134602091
gesture_2_20250521_041033_615574.jpg,2,21.91993956394925,9.802291147153726
gesture_2_20250521_041034_143760.jpg,2,21.752370713264966,9.814296494822853
gesture_2_20250521_041034_211658.jpg,2,21.719602145052427,9.746401718549574
gesture_2_20250521_041034_272168.jpg,2,21.707833402004084,9.734578269616843
gesture_2_20250521_041034_386590.jpg,2,21.440259051593802,9.656562640106053
gesture_2_20250521_041034_416928.jpg,2,21.656506584837867,9.704609467586748
gesture_2_20250521_041034_479709.jpg,2,21.657448895331218,9.71393010701192
gesture_2_20250521_041034_545087.jpg,2,21.524857106891982,9.713437592052077
gesture_2_20250521_041034_609259.jpg,2,21.91199205443311,9.813083118772742
gesture_2_20250521_041034_674823.jpg,2,21.677149995093732,9.763155322100861
gesture_2_20250521_041034_787429.jpg,2,21.565226113863414,9.856081682951595
gesture_2_20250521_041034_829837.jpg,2,21.583750366099807,9.858575624807328
gesture_2_20250521_041034_881891.jpg,2,21.53288533702465,9.788820317712663
gesture_2_20250521_041034_943771.jpg,2,21.570104225330518,9.877929042420707
gesture_2_20250521_041035_008287.jpg,2,21.611000429841543,9.888755849105012
gesture_2_20250521_041035_068952.jpg,2,21.622404123716752,10.044397891132226
gesture_2_20250521_041035_167846.jpg,2,21.593328886949358,9.96906329867435
gesture_2_20250521_041035_248672.jpg,2,21.74244942160514,9.884075437105771
gesture_2_20250521_041035_280502.jpg,2,21.86229950774799,9.92201989084115
gesture_2_20250521_041035_344622.jpg,2,21.912750407009106,9.907163925446737
gesture_2_20250521_041035_410299.jpg,2,21.592083358725937,9.839515475753455
gesture_2_20250521_041035_475526.jpg,2,21.74197221923124,9.82586896905772
gesture_2_20250521_041035_572260.jpg,2,21.554448594379256,9.755754130862604
gesture_2_20250521_041035_650208.jpg,2,21.325739903055617,9.88270728902911
gesture_2_20250521_041035_692114.jpg,2,21.444366140089798,9.879683928794313
gesture_2_20250521_041035_744515.jpg,2,21.58713321281279,10.035711012204038
gesture_2_20250521_041035_807901.jpg,2,21.559912956618497,10.021628873996677
gesture_2_20250521_041035_876400.jpg,2,21.5528539136046,10.108321452179243
gesture_2_20250521_041035_970491.jpg,2,21.675703373588696,9.98527502022827
gesture_2_20250521_041036_049433.jpg,2,21.575933981735425,9.98647542934518
gesture_2_20250521_041036_090971.jpg,2,21.694368677370033,9.981735675781435
gesture_2_20250521_041036_145244.jpg,2,21.86133152854496,9.855936000056838
gesture_2_20250521_041036_209820.jpg,2,21.784336371991948,9.8788041724134
gesture_2_20250521_041036_272077.jpg,2,21.704056631020606,9.828589566365492
gesture_2_20250521_041036_372297.jpg,2,21.55394000702843,9.823172562492003
gesture_2_20250521_041036_432057.jpg,2,21.55331093749211,9.851538023223675
gesture_2_20250521_041036_515501.jpg,2,21.509435428344435,9.841315497940348
gesture_2_20250521_041036_547373.jpg,2,21.664803111936358,9.948544953502262
gesture_2_20250521_041036_609244.jpg,2,21.731816186085528,9.961535297836637
gesture_2_20250521_041036_673619.jpg,2,21.645288152971112,9.913243325695989
gesture_2_20250521_041036_771251.jpg,2,21.664766769754852,10.032736299310708
gesture_2_20250521_041036_833347.jpg,2,21.86111396056663,10.102933837243613
gesture_2_20250521_041036_912933.jpg,2,21.977320270916103,10.112037800994235
gesture_2_20250521_041036_957480.jpg,2,21.611530010380715,10.009059100478568
gesture_2_20250521_041037_003902.jpg,2,21.73511034064498,10.01011664324608
gesture_2_20250521_041037_073312.jpg,2,21.716010978552443,9.8887558382886
gesture_2_20250521_041037_173537.jpg,2,21.491127490728154,9.887333837262046
gesture_2_20250521_041037_233152.jpg,2,21.552664649395727,9.893780390308613
gesture_2_20250521_041037_297072.jpg,2,21.431845266718508,9.784922502840049
gesture_2_20250521_041037_377563.jpg,2,21.52096518398752,9.849479132501687
gesture_2_20250521_041037_411474.jpg,2,21.634608519909502,9.94038084614337
gesture_2_20250521_041037_473669.jpg,2,21.660876252715276,9.980059358361205
gesture_2_20250521_041037_571451.jpg,2,29.378160219809846,14.997333278325325
gesture_2_20250521_041037_632320.jpg,2,22.17171826993078,10.173739567435751
gesture_2_20250521_041037_698431.jpg,2,22.28022447921512,10.149865132064456
gesture_2_20250521_041037_777710.jpg,2,29.38841563798828,15.012490129781689
gesture_2_20250521_041037_809912.jpg,2,29.506450582056804,14.885136470239818
gesture_2_20250521_041037_872072.jpg,2,29.192072840836634,14.729058257893609
gesture_2_20250521_041037_967711.jpg,2,28.91937245063469,14.53259180959716
gesture_2_20250521_041038_033141.jpg,2,22.326792584686515,10.03560360775994
gesture_2_20250521_041038_098141.jpg,2,29.04755095998638,14.186990010229962
gesture_2_20250521_041038_176336.jpg,2,22.047680952230888,10.051442470663988
gesture_2_20250521_041038_221419.jpg,2,29.003641768081966,14.123585301014073
gesture_2_20250521_041038_270271.jpg,2,22.18692109416886,9.889045063647739
gesture_2_20250521_041038_372483.jpg,2,22.281679029706293,9.917411367274182
gesture_2_20250521_041038_432052.jpg,2,22.040866643676594,9.93077649577229
gesture_2_20250521_041038_497037.jpg,2,21.919026179998024,10.012324702157354
gesture_2_20250521_041038_559780.jpg,2,22.23544612705205,10.113162709233748
gesture_2_20250521_041038_644770.jpg,2,22.11329201007964,10.172865591287632
gesture_2_20250521_041038_675387.jpg,2,22.247024243363214,10.277403262388686
gesture_2_20250521_041038_769207.jpg,2,29.49909384437818,14.706837896383599
gesture_2_20250521_041038_832873.jpg,2,22.08920011938647,9.946578235475073
gesture_2_20250521_041038_898409.jpg,2,21.6712707801484,9.810202750352301
gesture_2_20250521_041038_965747.jpg,2,21.724535671112704,9.607479316433727
gesture_2_20250521_041039_037979.jpg,2,22.45956491290945,9.347749880415174
gesture_2_20250521_041039_075302.jpg,2,21.994704900472314,9.546890177293799
gesture_2_20250521_041039_164556.jpg,2,22.20282283238518,9.293908666244036
gesture_2_20250521_041039_229977.jpg,2,21.908896005993565,9.804256687902493
gesture_2_20250521_041040_064708.jpg,2,22.216046012417248,9.983240910573889
gesture_2_20250521_041040_591230.jpg,2,22.24766854343253,9.963292134016836
gesture_2_20250521_041040_657540.jpg,2,30.1637031041109,14.523122256270911
gesture_2_20250521_041040_736918.jpg,2,22.087198090734958,10.054316261392767
gesture_2_20250521_041040_801425.jpg,2,22.312199049776893,10.151782788199771
gesture_2_20250521_041040_865493.jpg,2,22.35907482636908,10.218507883959473
gesture_2_20250521_041040_929379.jpg,2,22.209554358589983,10.044380877688582
gesture_2_20250521_041040_994810.jpg,2,22.45293672123967,10.100604711838972
gesture_2_20250521_041041_057823.jpg,2,22.559179832674978,10.03772624789173
gesture_2_20250521_041041_137138.jpg,2,30.45991531210344,15.099298382964045
gesture_2_20250521_041041_201895.jpg,2,22.21495263686948,10.161432873458272
gesture_2_20250521_041041_264778.jpg,2,22.258264798153814,10.04919895642147
gesture_2_20250521_041041_330603.jpg,2,22.049767996919833,9.963778573399125
gesture_2_20250521_041041_391988.jpg,2,22.141731583083903,9.927636275335884
gesture_2_20250521_041041_457152.jpg,2,22.159555704172178,9.815278376621603
gesture_2_20250521_041041_520016.jpg,2,21.957302495775437,9.770648091415538
gesture_2_20250521_041041_601944.jpg,2,22.339382828933797,9.667714458767225
gesture_2_20250521_041041_664775.jpg,2,22.05421733901849,9.69802245791007
gesture_2_20250521_041041_729245.jpg,2,22.28179847505758,9.689055089966354
gesture_2_20250521_041041_793355.jpg,2,22.164567996887268,9.548880762598232
gesture_2_20250521_041041_858811.jpg,2,22.21141073750896,9.585420219692361
gesture_2_20250521_041041_921537.jpg,2,22.294840084060098,9.508524811001557
gesture_2_20250521_041041_999925.jpg,2,22.23237126677987,9.577111972455421
gesture_2_20250521_041042_065185.jpg,2,22.17222083823964,9.50585057870167
gesture_2_20250521_041042_130075.jpg,2,22.238446502033174,9.574746632051019
gesture_2_20250521_041042_865489.jpg,2,22.208755115374668,9.507441395732323
gesture_2_20250521_041043_362207.jpg,2,22.01612513953546,9.347164985031823
gesture_2_20250521_041043_423637.jpg,2,22.09130005699405,9.559774152456965
gesture_2_20250521_041043_487579.jpg,2,22.125155085021408,9.539007007217721
gesture_2_20250521_041043_553505.jpg,2,22.137394030764394,9.73237746472947
gesture_2_20250521_041043_617354.jpg,2,22.204854599140035,9.63840765074054
gesture_2_20250521_041043_697163.jpg,2,22.37816642595471,9.54128986685497
gesture_2_20250521_041043_760246.jpg,2,22.121873406600823,9.537938876670415
gesture_2_20250521_041043_823938.jpg,2,22.297357122002712,9.463838340363296
gesture_2_20250521_041043_888777.jpg,2,22.43616184064001,9.479725393204976
gesture_2_20250521_041043_952659.jpg,2,22.328859862618753,9.544242054302595
gesture_2_20250521_041044_017172.jpg,2,22.386881359449966,9.577773861556743
gesture_2_20250521_041044_083961.jpg,2,22.22554880194009,9.623987607585404
gesture_2_20250521_041044_160348.jpg,2,22.48305981046083,9.699668923742552
gesture_2_20250521_041044_225649.jpg,2,22.24364656394813,9.715034466008152
gesture_2_20250521_041044_289026.jpg,2,22.520071280274703,9.711648582905962
gesture_2_20250521_041044_352470.jpg,2,22.729623191520105,9.888509861834523
gesture_2_20250521_041044_415556.jpg,2,22.70577986469893,9.844492176912208
gesture_2_20250521_041044_481731.jpg,2,31.030552509827203,15.64495982037923
gesture_2_20250521_041044_560261.jpg,2,22.90822337153167,9.81027997988586
gesture_2_20250521_041044_624912.jpg,2,22.551689914378198,9.835442301644514
gesture_2_20250521_041044_689864.jpg,2,22.738997351340775,9.793146425722115
gesture_2_20250521_041044_753200.jpg,2,22.681790909670934,9.78962338632705
gesture_2_20250521_041044_814845.jpg,2,22.73684034180361,9.826478316512233
gesture_2_20250521_041044_884251.jpg,2,22.586092753349654,9.741552808520984
gesture_2_20250521_041044_960223.jpg,2,22.980017331067728,9.75255691214014
gesture_2_20250521_041045_023603.jpg,2,31.897583050757415,15.905906991895923
gesture_2_20250521_041045_089202.jpg,2,22.77024192098504,9.68128152396301
gesture_2_20250521_041045_152562.jpg,2,22.444634050024572,9.7283490684911
gesture_2_20250521_041045_219546.jpg,2,22.44872797269585,9.586904994343564
gesture_2_20250521_041045_280912.jpg,2,22.247961043051003,9.521623810668258
gesture_2_20250521_041045_344266.jpg,2,22.368437237949152,9.59685974541942
gesture_2_20250521_041045_423868.jpg,2,22.200312205174146,9.63166150678073
gesture_2_20250521_041045_488834.jpg,2,22.286765456888528,9.716802071383059
gesture_2_20250521_041045_551839.jpg,2,22.1077002532728,9.737573167071343
gesture_2_20250521_041045_616828.jpg,2,22.371496804916585,9.862799960718876
gesture_2_20250521_041045_680303.jpg,2,22.411214536843104,9.840805876147229
gesture_2_20250521_041045_744428.jpg,2,22.79213975804379,9.809684010238932
gesture_2_20250521_041045_824694.jpg,2,31.296040845202498,15.743400515168839
gesture_2_20250521_041045_888433.jpg,2,31.154529353903907,15.623560897269337
gesture_2_20250521_041045_952857.jpg,2,22.62725903200304,9.772019916817358
gesture_2_20250521_041046_016840.jpg,2,30.82953924323286,15.506138024391655
gesture_2_20250521_041046_084098.jpg,2,22.4084191124577,9.765917248992231
gesture_2_20250521_041046_145324.jpg,2,30.946197283939988,15.698871514549236
gesture_2_20250521_041046_219627.jpg,2,22.61412337855125,9.841430344216016
gesture_2_20250521_041046_290278.jpg,2,30.947573507521916,15.489907671271865
gesture_2_20250521_041046_914480.jpg,2,31.26935513227705,15.501757640988082
gesture_2_20250521_041047_440927.jpg,2,22.388820178880643,9.517752526049133
gesture_2_20250521_041047_521388.jpg,2,22.084564078408462,9.446613591545148
gesture_2_20250521_041047_584693.jpg,2,22.08271297998697,9.478757075587943
gesture_2_20250521_041047_649639.jpg,2,22.14363176812081,9.525706190051103
gesture_2_20250521_041047_714621.jpg,2,22.09284093187189,9.507155814280884
gesture_2_20250521_041047_777791.jpg,2,22.2389409577055,9.590878366235994
gesture_2_20250521_041047_840452.jpg,2,22.517328102027385,9.67457079906411
gesture_2_20250521_041047_920763.jpg,2,22.543728307820867,9.773344115157194
gesture_2_20250521_041047_987025.jpg,2,31.195419003535996,15.46541138075902
gesture_2_20250521_041048_049955.jpg,2,22.703570794507876,9.782444690039071
gesture_2_20250521_041048_112255.jpg,2,22.676684538890967,9.913561869984399
gesture_2_20250521_041048_176263.jpg,2,22.58485959398512,9.859900643129649
gesture_2_20250521_041048_241377.jpg,2,32.21464319755767,15.96670519046939
gesture_2_20250521_041048_301700.jpg,2,31.176406457739265,15.194740070590086
gesture_2_20250521_041048_399763.jpg,2,22.692193039349117,9.828366947564982
gesture_2_20250521_041048_447162.jpg,2,31.24522964868618,15.135561660140507
gesture_2_20250521_041048_512991.jpg,2,22.93331032370271,9.810063347634296
gesture_2_20250521_041048_575864.jpg,2,22.760183159587513,9.805501201081409
gesture_2_20250521_041048_639951.jpg,2,31.1684015605879,15.18946281670206
gesture_2_20250521_041048_705122.jpg,2,23.048803230586394,9.81411958701424
gesture_2_20250521_041048_817135.jpg,2,22.792499700952046,9.740234303599475
gesture_2_20250521_041048_849914.jpg,2,31.779559781106272,15.670974012420936
gesture_2_20250521_041048_912435.jpg,2,22.90513917292221,9.766239666473814
gesture_2_20250521_041048_976441.jpg,2,22.660511115037874,9.760945469733867
gesture_2_20250521_041049_040778.jpg,2,22.5777050049617,9.704468228074072
gesture_2_20250521_041049_105513.jpg,2,22.51380966472246,9.713060923188605
gesture_2_20250521_041049_217055.jpg,2,22.212103953914124,9.691154386806039
gesture_2_20250521_041049_257966.jpg,2,22.238996260788173,9.629802249189183
gesture_2_20250521_041049_311766.jpg,2,22.306520051317502,9.647443397128
gesture_2_20250521_041049_375848.jpg,2,22.195100679087336,9.682745600107046
gesture_3_20250521_041052_432674.jpg,3,23.512250150061433,9.890737838591237
gesture_3_20250521_041052_962456.jpg,3,22.820610326878565,9.879115838924331
gesture_3_20250521_041053_040442.jpg,3,22.62103459296457,9.973749715200606
gesture_3_20250521_041053_072377.jpg,3,22.686475986915244,10.019758988641012
gesture_3_20250521_041053_168206.jpg,3,23.08995366088883,9.924920167185364
gesture_3_20250521_041053_232235.jpg,3,23.145225255747214,9.824590565059859
gesture_3_20250521_041053_298177.jpg,3,23.298879323985226,9.857546162845807
gesture_3_20250521_041053_361465.jpg,3,23.43629675987155,9.762989927343245
gesture_3_20250521_041053_442276.jpg,3,34.94556411885965,16.041780142914387
gesture_3_20250521_041053_483192.jpg,3,34.2704430480923,15.69189916957689
gesture_3_20250521_041053_572475.jpg,3,23.754577220140682,9.71775423156613
gesture_3_20250521_041053_633562.jpg,3,23.93343424168732,9.666504702858383
gesture_3_20250521_041053_698170.jpg,3,34.70989442895215,16.028138400301557
gesture_3_20250521_041053_760644.jpg,3,23.944099882264865,9.709831247526564
gesture_3_20250521_041053_826060.jpg,3,34.76048139110919,16.145512954412027
gesture_3_20250521_041053_905413.jpg,3,34.60751218965455,15.943603816491116
gesture_3_20250521_041053_971961.jpg,3,23.718111564309545,9.639128639537642
gesture_3_20250521_041054_031971.jpg,3,33.742633383193834,15.598843449038947
gesture_3_20250521_041054_098260.jpg,3,34.066510820696465,15.41527778365003
gesture_3_20250521_041054_160684.jpg,3,34.16253493922334,15.483312387459344
gesture_3_20250521_041054_224656.jpg,3,23.945986527528174,9.792925424753687
gesture_3_20250521_041054_303692.jpg,3,34.150929924448384,15.694031530377993
gesture_3_20250521_041054_368433.jpg,3,23.765654755988205,9.9409854974504
gesture_3_20250521_041054_436537.jpg,3,23.486747687441444,9.815472395527008
gesture_3_20250521_041054_495817.jpg,3,22.84740931013275,9.94492054184523
gesture_3_20250521_041054_560240.jpg,3,23.122790081443814,9.8161453580751
gesture_3_20250521_041054_625080.jpg,3,23.23736989445542,10.017423608075156
gesture_3_20250521_041054_707323.jpg,3,22.847774828848582,9.92244444645795
gesture_3_20250521_041054_770111.jpg,3,23.03875351754186,9.961074124067888
gesture_3_20250521_041054_831990.jpg,3,22.799607658520564,9.936407931968981
gesture_3_20250521_041054_898586.jpg,3,23.205215361272494,9.723345953015336
gesture_3_20250521_041054_960134.jpg,3,23.57723146267479,9.973008744725636
gesture_3_20250521_041055_025736.jpg,3,23.70956368800091,9.909139467100267
gesture_3_20250521_041055_091115.jpg,3,35.09116665767717,16.01387963158406
gesture_3_20250521_041055_169175.jpg,3,23.24849942486728,9.909568628787609
gesture_3_20250521_041055_232122.jpg,3,34.378678351463165,15.484230869547131
gesture_3_20250521_041055_297676.jpg,3,34.20717829245164,15.300700795155429
gesture_3_20250521_041055_359780.jpg,3,34.02500793173548,15.46872036021777
gesture_3_20250521_041055_424595.jpg,3,35.2320173987141,15.96433528385586
gesture_3_20250521_041055_488980.jpg,3,34.86226651513652,15.75635762465009
gesture_3_20250521_041055_573705.jpg,3,33.60486024190372,14.849978473160744
gesture_3_20250521_041055_633885.jpg,3,23.153822101662715,9.916385718602731
gesture_3_20250521_041055_695353.jpg,3,23.218496943312335,9.956967281081003
gesture_3_20250521_041055_761018.jpg,3,23.019240216050033,10.01359180472523
gesture_3_20250521_041055_825355.jpg,3,22.640171814369577,10.012699881951775
gesture_3_20250521_041055_888414.jpg,3,22.83185552471735,9.862387695163145
gesture_3_20250521_041055_953374.jpg,3,22.62242057547215,9.86759924813426
gesture_3_20250521_041056_031508.jpg,3,22.605252363135474,9.866102220052186
gesture_3_20250521_041056_097511.jpg,3,22.67677677607517,9.871124768949368
gesture_3_20250521_041056_160129.jpg,3,22.612279433339303,9.987708206217235
gesture_3_20250521_041056_223924.jpg,3,22.738923475415948,9.884910332551442
gesture_3_20250521_041056_284905.jpg,3,22.837887753842,9.853706073533424
gesture_3_20250521_041056_347826.jpg,3,23.044911755840072,9.829180658859377
gesture_3_20250521_041056_430732.jpg,3,23.40871146706939,9.947918829554238
gesture_3_20250521_041056_495573.jpg,3,23.58597427638328,9.906067433872137
gesture_3_20250521_041056_560982.jpg,3,34.675169659759035,15.602685697375435
gesture_3_20250521_041056_625229.jpg,3,34.9377282910531,15.908975573044469
gesture_3_20250521_041056_692152.jpg,3,23.47953561822512,9.852871331042104
gesture_3_20250521_041056_753126.jpg,3,23.50122631910859,9.804734914374906
gesture_3_20250521_041056_832264.jpg,3,23.319778745049003,9.739964324278942
gesture_3_20250521_041056_897472.jpg,3,23.378250051532294,9.655305438444325
gesture_3_20250521_041056_961551.jpg,3,33.9127724909813,15.297497136340311
gesture_3_20250521_041057_024199.jpg,3,23.220889177323038,9.537302143334463
gesture_3_20250521_041057_088030.jpg,3,23.693894562327102,9.523240597041044
gesture_3_20250521_041057_152545.jpg,3,23.805622776453628,9.743979526276643
gesture_3_20250521_041057_217379.jpg,3,33.10970194110047,14.43405591751428
gesture_3_20250521_041057_296738.jpg,3,33.756370770934325,14.626890532512125
gesture_3_20250521_041057_362474.jpg,3,23.377379652597977,9.759342645946623
gesture_3_20250521_041057_427517.jpg,3,23.288027097388873,9.886248769904457
gesture_3_20250521_041057_488204.jpg,3,23.337325468234628,9.839099529629042
gesture_3_20250521_041057_551614.jpg,3,23.223908053782985,9.78948430853299
gesture_3_20250521_041057_615763.jpg,3,23.151533450715007,9.860531279647079
gesture_3_20250521_041057_696913.jpg,3,23.264881000257837,9.794893061326398
gesture_3_20250521_041058_287423.jpg,3,33.4507843313456,14.663985519957723
gesture_3_20250521_041058_784882.jpg,3,22.436453692514167,9.82036936025008
gesture_3_20250521_041058_848960.jpg,3,22.525879344637733,9.746692348770365
gesture_3_20250521_041058_913267.jpg,3,22.457421150234385,9.764418957731397
gesture_3_20250521_041058_991642.jpg,3,22.700933819381635,9.817159923410383
gesture_3_20250521_041059_056637.jpg,3,22.723239953579316,9.854530884049824
gesture_3_20250521_041059_116245.jpg,3,22.89516126552413,9.853058483365324
gesture_3_20250521_041059_185714.jpg,3,22.879885217833383,9.832834067131467
gesture_3_20250521_041059_246746.jpg,3,22.567974659195002,9.902929771707905
gesture_3_20250521_041059_313300.jpg,3,22.760903426936093,9.872584009764719
gesture_3_20250521_041059_392101.jpg,3,22.772512142328473,9.89900002858663
gesture_3_20250521_041059_457033.jpg,3,22.99415201474831,9.890435162267355
gesture_3_20250521_041059_520763.jpg,3,22.939661346966464,9.930272334394907
gesture_3_20250521_041059_584903.jpg,3,23.329654143667575,9.859965493238919
gesture_3_20250521_041059_651293.jpg,3,23.21235841846818,9.859099447832493
gesture_3_20250521_041059_711170.jpg,3,23.555449521008317,9.6974006857724
gesture_3_20250521_041059_792546.jpg,3,23.504110975570907,9.775367728770501
gesture_3_20250521_041059_857374.jpg,3,23.626390438690013,9.79190685883614
gesture_3_20250521_041059_921867.jpg,3,34.30107344992054,15.551195385196444
gesture_3_20250521_041059_984760.jpg,3,23.940807333230183,9.71607971403235
gesture_3_20250521_041100_048933.jpg,3,33.989221135947204,15.663082993681337
gesture_3_20250521_041100_114080.jpg,3,24.178190146139382,9.743987821612912
gesture_3_20250521_041100_176703.jpg,3,24.196131869370873,9.683886412373877
gesture_3_20250521_041100_259293.jpg,3,34.0413521285418,15.63364763584982
gesture_3_20250521_041100_320163.jpg,3,23.695085577335902,9.675155384154717
gesture_3_20250521_041100_384923.jpg,3,23.846774122349164,9.646042831842173
gesture_3_20250521_041100_449223.jpg,3,23.681590263563944,9.711808735319616
gesture_3_20250521_041100_513943.jpg,3,34.68457523954855,15.697965279536014
gesture_3_20250521_041100_576499.jpg,3,23.48284066656461,10.071737956743705
gesture_3_20250521_041100_656773.jpg,3,23.45217148835897,9.955523733333223
gesture_3_20250521_041100_721773.jpg,3,23.12113007479365,10.011660329086222
gesture_3_20250521_041100_785486.jpg,3,22.91394278015212,9.906402192735795
gesture_3_20250521_041100_849282.jpg,3,22.953118864505573,9.853311084629427
gesture_3_20250521_041100_913115.jpg,3,22.826858967364863,9.763020708273055
gesture_3_20250521_041100_976457.jpg,3,22.564739376342782,9.867599667430499
gesture_3_20250521_041101_039785.jpg,3,23.000549590036904,9.93258474821317
gesture_3_20250521_041101_121096.jpg,3,22.778970348395717,9.849804790199743
gesture_3_20250521_041101_185042.jpg,3,23.217524473600964,9.863987924278312
gesture_3_20250521_041101_249756.jpg,3,23.588073491214278,9.950246484338244
gesture_3_20250521_041101_313169.jpg,3,35.163036482467795,15.59923119300102
gesture_3_20250521_041101_377089.jpg,3,35.28046178085716,15.584656496616411
gesture_3_20250521_041101_441398.jpg,3,23.18799872927296,9.995196657190675
gesture_3_20250521_041101_525662.jpg,3,23.331875746328144,10.02156017551483
gesture_3_20250521_041101_584645.jpg,3,23.261195694017786,9.894525453881997
gesture_3_20250521_041101_649291.jpg,3,35.37425934812003,16.49444298539155
gesture_3_20250521_041101_710888.jpg,3,34.21960289619349,15.66608078956691
gesture_3_20250521_041101_777163.jpg,3,34.54813174421749,15.956912350785654
gesture_3_20250521_041101_842650.jpg,3,23.70824884367056,9.95956442526003
gesture_3_20250521_041101_921186.jpg,3,23.368104254111888,9.957753800903463
gesture_3_20250521_041101_983981.jpg,3,22.824780167896755,9.780778550208606
gesture_3_20250521_041102_047782.jpg,3,22.75223945928702,9.785355032668146
gesture_3_20250521_041102_108957.jpg,3,22.758905703378268,9.911921258062353
gesture_3_20250521_041102_175754.jpg,3,23.089105149602812,9.81402137966587
gesture_3_20250521_041102_816164.jpg,3,35.047983148889806,16.240702466155387
gesture_3_20250521_041103_312198.jpg,3,22.53834667179646,10.007589605176204
gesture_3_20250521_041103_375831.jpg,3,22.543194536169388,9.914831370751697
gesture_3_20250521_041103_441318.jpg,3,22.631792590372253,10.010814364411049
gesture_3_20250521_041103_505387.jpg,3,22.665087692284494,9.931354635585487
gesture_3_20250521_041103_618651.jpg,3,23.036249308649786,10.032389863790971
gesture_3_20250521_041103_663327.jpg,3,23.007083872816075,9.977532032135132
gesture_3_20250521_041103_712389.jpg,3,23.59600538948574,10.17587507136666
gesture_3_20250521_041103_777629.jpg,3,34.92636992357376,15.758747835929743
gesture_3_20250521_041103_842964.jpg,3,35.843610628243404,16.215138950092395
gesture_3_20250521_041103_905152.jpg,3,23.298643008278425,9.990776099000549
gesture_3_20250521_041103_999952.jpg,3,35.81340809746146,16.445490135981373
gesture_3_20250521_041104_082141.jpg,3,23.097408269453283,10.008953060806142
gesture_3_20250521_041104_112565.jpg,3,36.03791836014797,16.499223311792395
gesture_3_20250521_041104_178688.jpg,3,36.04148088125689,16.553794917919728
gesture_3_20250521_041104_237389.jpg,3,34.84547521464989,15.590331951744169
gesture_3_20250521_041104_305127.jpg,3,23.194238046151852,9.945948269617626
gesture_3_20250521_041104_401162.jpg,3,23.442346351453317,10.059513357335666
gesture_3_20250521_041104_481041.jpg,3,23.489200379273274,10.025545838330798
gesture_3_20250521_041104_524693.jpg,3,23.139666559478417,10.061828681336344
gesture_3_20250521_041104_579552.jpg,3,23.08016436930857,9.908198627837592
gesture_3_20250521_041104_641901.jpg,3,23.057414712737508,9.788520392413728
gesture_3_20250521_041104_705233.jpg,3,22.904017821825708,9.710519752245789
gesture_3_20250521_041104_800926.jpg,3,22.789260215453815,9.86124338625942
gesture_3_20250521_041104_880354.jpg,3,22.951119427466885,9.97005576306019
gesture_3_20250521_041104_927296.jpg,3,23.19528948989107,10.05077539265242
gesture_3_20250521_041104_976390.jpg,3,23.43614305645685,9.927533724518
gesture_3_20250521_041105_041514.jpg,3,34.72089693859297,15.81172102405716
gesture_3_20250521_041105_787941.jpg,3,23.254961909429507,9.860678565292453
gesture_3_20250521_041106_304013.jpg,3,22.569238665542116,9.914076946919415
gesture_3_20250521_041106_402161.jpg,3,22.60212538620027,9.885934387472092
gesture_3_20250521_041106_463981.jpg,3,22.63137933920694,9.913013438915732
gesture_3_20250521_041106_528975.jpg,3,22.68268721193266,10.008536893055918
gesture_3_20250521_041106_608707.jpg,3,22.913252657762094,9.988725296204422
gesture_4_20250521_041108_896375.jpg,4,24.753228556885674,9.293182949359998
gesture_4_20250521_041109_424359.jpg,4,23.10673300253323,9.639320358049034
gesture_4_20250521_041109_489221.jpg,4,23.36410393355671,9.83151864932435
gesture_4_20250521_041109_568243.jpg,4,23.337376920914704,9.805466293787399
gesture_4_20250521_041109_632442.jpg,4,38.75592201768953,17.06746840382042
gesture_4_20250521_041109_696064.jpg,4,23.41315670548776,9.876751777003141
gesture_4_20250521_041109_762507.jpg,4,23.635224769616674,10.003079922438387
gesture_4_20250521_041109_827558.jpg,4,23.962779559930333,10.100635504719671
gesture_4_20250521_041109_889173.jpg,4,37.33146799160429,15.42801439055738
gesture_4_20250521_041109_967827.jpg,4,24.550639029758887,9.989028898053306
gesture_4_20250521_041110_033418.jpg,4,24.704650910867727,10.034574433270585
gesture_4_20250521_041110_096515.jpg,4,25.09191791053852,9.836022448836886
gesture_4_20250521_041110_160858.jpg,4,25.268828101537903,9.717931949490616
gesture_4_20250521_041110_227899.jpg,4,25.63569196943494,9.628959576795516
gesture_4_20250521_041110_289021.jpg,4,25.652548859452455,9.650758964240234
gesture_4_20250521_041110_350987.jpg,4,25.787815422045366,9.580272637204391
gesture_4_20250521_041110_434981.jpg,4,25.59687537831763,9.745544515481125
gesture_4_20250521_041110_495332.jpg,4,25.620353181782146,9.709179220878447
gesture_4_20250521_041110_560545.jpg,4,25.369720590789772,9.805991248119573
gesture_4_20250521_041110_624408.jpg,4,25.320148696531188,9.813399187710422
gesture_4_20250521_041110_689986.jpg,4,24.661128667565535,9.875993170625346
gesture_4_20250521_041110_751927.jpg,4,24.50178461451533,10.059754567474094
gesture_4_20250521_041110_831641.jpg,4,24.27485869815953,9.90863084611868
gesture_4_20250521_041110_899601.jpg,4,24.278438448793647,9.875840762130553
gesture_4_20250521_041110_961231.jpg,4,24.659414389170635,9.783129689066572
gesture_4_20250521_041111_027382.jpg,4,24.962155578464284,9.578894295448356
gesture_4_20250521_041111_091176.jpg,4,25.45605736923068,9.246261880552735
gesture_4_20250521_041111_152630.jpg,4,25.541774069822043,8.969537249903004
gesture_4_20250521_041111_216845.jpg,4,25.669041126479378,8.81716514561892
gesture_4_20250521_041111_295681.jpg,4,25.648147128259904,8.852699215396346
gesture_4_20250521_041111_361034.jpg,4,25.42333880134771,8.927448735222525
gesture_4_20250521_041111_425568.jpg,4,25.01741215112582,9.234194754684017
gesture_4_20250521_041111_488163.jpg,4,24.68655703187033,9.437772331757508
gesture_4_20250521_041111_554134.jpg,4,24.492103045384734,9.533277608856125
gesture_4_20250521_041111_617200.jpg,4,23.997061080938554,9.557284691319454
gesture_4_20250521_041111_698111.jpg,4,24.197825994335872,9.616603086427707
gesture_4_20250521_041111_760891.jpg,4,24.5539126311352,9.737039310923228
gesture_4_20250521_041111_824436.jpg,4,24.494651144078148,9.625576606594988
gesture_4_20250521_041111_889553.jpg,4,24.79170834598323,9.536363417642079
gesture_4_20250521_041111_952885.jpg,4,24.99171430369987,9.40026275560739
gesture_4_20250521_041112_018975.jpg,4,25.261319891774825,9.195986818887627
gesture_4_20250521_041112_096490.jpg,4,25.530285675545667,8.89801369896928
gesture_4_20250521_041112_163323.jpg,4,33.68456065092536,13.022533539176008
gesture_4_20250521_041112_225108.jpg,4,25.643639622143095,8.688302189130702
gesture_4_20250521_041112_288745.jpg,4,25.851465603815004,8.608377151169039
gesture_4_20250521_041112_352894.jpg,4,25.823631672717482,8.483571267688944
gesture_4_20250521_041112_419338.jpg,4,33.71189465058888,12.781925884680856
gesture_4_20250521_041112_478644.jpg,4,25.67214791142339,8.502239424654574
gesture_4_20250521_041112_560289.jpg,4,25.501170567774288,8.587994979269405
gesture_4_20250521_041112_627961.jpg,4,25.153211980741812,8.865707477529073
gesture_4_20250521_041112_687373.jpg,4,24.774212729711998,9.105066864743025
gesture_4_20250521_041112_751976.jpg,4,24.717678508469827,9.233722987374108
gesture_4_20250521_041112_817125.jpg,4,24.662284544603946,9.353473952824809
gesture_4_20250521_041112_881802.jpg,4,24.71925679958121,9.378603285384376
gesture_4_20250521_041112_961138.jpg,4,34.76086010689812,13.655521905022614
gesture_4_20250521_041113_024144.jpg,4,25.08600653153278,8.934175431926093
gesture_4_20250521_041113_089064.jpg,4,34.0380279930698,13.162942246489946
gesture_4_20250521_041113_156183.jpg,4,25.560700836967634,8.870186535070296
gesture_4_20250521_041113_823963.jpg,4,25.029004646293178,9.150737232956985
gesture_4_20250521_041114_353292.jpg,4,24.045899739325655,9.633624648432683
gesture_4_20250521_041114_417350.jpg,4,24.238525379610813,9.634424199815122
gesture_4_20250521_041114_481314.jpg,4,24.157350189889193,9.663186759998279
gesture_4_20250521_041114_546131.jpg,4,23.760679934457556,9.680309008165294
gesture_4_20250521_041114_610138.jpg,4,24.038899776610894,9.835834483791741
gesture_4_20250521_041114_687697.jpg,4,24.155609341538124,9.9515904448643
gesture_4_20250521_041114_753333.jpg,4,24.493778258810494,9.82074451818477
gesture_4_20250521_041114_819679.jpg,4,24.84619655168055,9.632345497552219
gesture_4_20250521_041114_882226.jpg,4,25.237982774048376,9.459470408142952
gesture_4_20250521_041114_943477.jpg,4,25.0546423338101,9.309596097984226
gesture_4_20250521_041115_009741.jpg,4,25.319069160015065,9.272624674303552
gesture_4_20250521_041115_089805.jpg,4,34.28531650300355,13.016216770788205
gesture_4_20250521_041115_152432.jpg,4,25.604417024926395,8.971252365170598
gesture_4_20250521_041115_217042.jpg,4,33.90545811147899,12.905662371693655
gesture_4_20250521_041115_282110.jpg,4,25.687268895948208,8.934670693602682
gesture_4_20250521_041115_344646.jpg,4,25.505160052363166,8.999279623255632
gesture_4_20250521_041115_409561.jpg,4,25.27295165540587,9.090752849554924
gesture_4_20250521_041115_489180.jpg,4,25.025545222281885,9.26477654981646
gesture_4_20250521_041115_553625.jpg,4,24.93115994083834,9.2909698266529
gesture_4_20250521_041115_618263.jpg,4,24.39886808779454,9.435107935204256
gesture_4_20250521_041115_680132.jpg,4,24.710603757119245,9.38873392923764
gesture_4_20250521_041115_745124.jpg,4,24.34272776354188,9.549896952062877
gesture_4_20250521_041115_809728.jpg,4,24.492020710772504,9.606203887283021
gesture_4_20250521_041115_871895.jpg,4,24.390390594699603,9.548663135722665
gesture_4_20250521_041115_952603.jpg,4,24.48486372663177,9.56701457420019
gesture_4_20250521_041116_016385.jpg,4,25.088633334706017,9.261423557086149
gesture_4_20250521_041116_079202.jpg,4,25.437023496934515,9.152516297957629
gesture_4_20250521_041116_143296.jpg,4,25.60751319488895,8.905609172128976
gesture_4_20250521_041116_207782.jpg,4,33.87938730493385,12.817585823864787
gesture_4_20250521_041116_273253.jpg,4,33.65359706245491,12.627196439808015
gesture_4_20250521_041116_386752.jpg,4,25.566028189428597,8.827674077430762
gesture_4_20250521_041116_416550.jpg,4,25.78440690952599,8.759556592731789
gesture_4_20250521_041116_480897.jpg,4,25.940984856320476,8.736614338733737
gesture_4_20250521_041116_545051.jpg,4,25.616769952725942,8.786800133209388
gesture_4_20250521_041116_609771.jpg,4,25.496217359505792,8.858148127895786
gesture_4_20250521_041116_672395.jpg,4,25.392878617661157,8.882771642603391
gesture_4_20250521_041116_785743.jpg,4,25.429659307306682,9.021979484312979
gesture_4_20250521_041116_818711.jpg,4,34.4798337999799,13.391126613397384
gesture_4_20250521_041116_881954.jpg,4,25.302394362523163,9.043577605844733
gesture_4_20250521_041116_944413.jpg,4,25.112431531639704,9.246519925990185
gesture_4_20250521_041117_010525.jpg,4,24.951286279882925,9.373343388984889
gesture_4_20250521_041117_075955.jpg,4,24.494424568559033,9.651748199930605
gesture_4_20250521_041117_187493.jpg,4,24.414796927956015,9.744431940058316
gesture_4_20250521_041117_226542.jpg,4,24.20004359466281,9.957571160357887
gesture_4_20250521_041117_280567.jpg,4,24.444866354498533,9.893226683444155
gesture_4_20250521_041117_344642.jpg,4,24.401613575163918,9.860612628647374
gesture_4_20250521_041117_409532.jpg,4,24.927926275702113,9.646057263651896
gesture_4_20250521_041117_472277.jpg,4,25.010608150227274,9.493960494824787
gesture_4_20250521_041117_569083.jpg,4,25.609883507656107,8.979915069890613
gesture_4_20250521_041118_239541.jpg,4,25.708553985365487,8.826296979095282
gesture_4_20250521_041118_771343.jpg,4,23.860828316118205,10.10153328726341
gesture_4_20250521_041118_832488.jpg,4,24.387295241294023,10.052911811303083
gesture_4_20250521_041118_916782.jpg,4,24.351406771003372,9.938133742749592
gesture_4_20250521_041118_944476.jpg,4,24.4595987490688,9.83954402635243
gesture_4_20250521_041119_008600.jpg,4,24.756782845821782,9.664466300013821
gesture_4_20250521_041119_073692.jpg,4,25.04185012491111,9.452650712208024
gesture_4_20250521_041119_169005.jpg,4,25.35161461682359,9.263982879080636
gesture_4_20250521_041119_234003.jpg,4,25.60644476701813,9.252768888844274
gesture_4_20250521_041119_312554.jpg,4,25.699849634781994,9.03728787940287
gesture_4_20250521_041119_355405.jpg,4,25.542310340432756,9.095243450219403
gesture_4_20250521_041119_408595.jpg,4,25.480524501718772,8.936546899650828
gesture_4_20250521_041119_471813.jpg,4,25.20915720940685,9.024982182165846
gesture_4_20250521_041119_569740.jpg,4,25.41093548741527,8.904586762874859
gesture_4_20250521_041119_632733.jpg,4,25.37887460606448,8.964439933473786
gesture_4_20250521_041119_696392.jpg,4,25.3165797846289,8.785434066093398
gesture_4_20250521_041119_778153.jpg,4,24.846375153786273,8.708636934245517
gesture_4_20250521_041119_809984.jpg,4,24.71795918912808,8.654130374895944
gesture_4_20250521_041119_873454.jpg,4,24.31139594433993,8.765238723741675
gesture_4_20250521_041119_969600.jpg,4,23.892395157524657,8.96423287035458
gesture_4_20250521_041120_032904.jpg,4,23.808154660375255,8.894384860625005
gesture_4_20250521_041120_098199.jpg,4,23.725213191035383,9.133476726478142
gesture_4_20250521_041120_176369.jpg,4,23.517457937947825,9.181691752556404
gesture_4_20250521_041120_208992.jpg,4,23.510554519084845,9.239313992044572
gesture_4_20250521_041120_274982.jpg,4,23.388723497984806,9.178246381089563
gesture_4_20250521_041120_369168.jpg,4,23.46467672316545,9.195525734139675
gesture_4_20250521_041120_433910.jpg,4,23.345050837157803,9.209327216898156
gesture_4_20250521_041120_497964.jpg,4,23.404431052620154,9.080094849165814
gesture_4_20250521_041120_576510.jpg,4,23.558578307032175,9.06917648446151
gesture_4_20250521_041120_621007.jpg,4,23.682683513060102,9.0719310244547
gesture_4_20250521_041120_671738.jpg,4,24.017933897873117,9.06290694362863
gesture_4_20250521_041120_769915.jpg,4,24.304648546302428,9.049864465407076
gesture_4_20250521_041120_833515.jpg,4,24.26296567707985,9.035322677210727
gesture_4_20250521_041120_898010.jpg,4,33.744819564245155,14.98511935061795
gesture_4_20250521_041120_962390.jpg,4,33.39664609086639,14.76289647268397
gesture_4_20250521_041121_046608.jpg,4,33.321629077837926,14.7538476186478
gesture_4_20250521_041121_073469.jpg,4,33.49640641901501,14.465656967434148
gesture_4_20250521_041121_168847.jpg,4,33.774447915279225,14.725602548782584
gesture_4_20250521_041121_235489.jpg,4,24.449690235027756,9.084930858257243
gesture_4_20250521_041121_296577.jpg,4,24.24762740425466,9.09350781256769
gesture_4_20250521_041121_363559.jpg,4,24.45381584792141,9.066778929488068
gesture_4_20250521_041121_443538.jpg,4,24.26261663552347,9.012986014097766
gesture_4_20250521_041121_483829.jpg,4,24.278986125704808,9.110710629109466
gesture_4_20250521_041121_570001.jpg,4,24.5345378068441,9.11752169695849
gesture_4_20250521_041121_633103.jpg,4,24.214668447187314,9.11222063918898
gesture_4_20250521_041121_697964.jpg,4,23.622675480804226,9.26298997734675
gesture_4_20250521_041121_763221.jpg,4,23.440012825526278,9.17213505495528
gesture_4_20250521_041121_839669.jpg,4,23.54599881487268,9.198434028970414
gesture_5_20250521_041124_833603.jpg,5,25.573029714366115,9.262513641506132
gesture_5_20250521_041125_362431.jpg,5,25.481463949884635,9.75390606124619
gesture_5_20250521_041125_425243.jpg,5,25.636226362867724,9.404229075397962
gesture_5_20250521_041125_488839.jpg,5,25.42195787884926,9.21347844153713
gesture_5_20250521_041125_551162.jpg,5,25.384093818907505,8.979200975308501
gesture_5_20250521_041125_618840.jpg,5,25.70203044889111,8.764542349036118
gesture_5_20250521_041125_697077.jpg,5,25.446572413208415,8.678500946220632
gesture_5_20250521_041125_760544.jpg,5,25.313437925206145,8.639560618519859
gesture_5_20250521_041125_824870.jpg,5,25.68021510098332,8.512851679277809
gesture_5_20250521_041125_889259.jpg,5,26.44985873725698,7.9011957182792445
gesture_5_20250521_041125_951871.jpg,5,25.731998844893027,8.538561526519404
gesture_5_20250521_041126_014385.jpg,5,25.49243721379436,8.44882438334631
gesture_5_20250521_041126_099910.jpg,5,25.638107023655532,8.574520304013424
gesture_5_20250521_041126_155972.jpg,5,25.648419899614467,8.645900608489253
gesture_5_20250521_041126_223869.jpg,5,25.439924437441668,8.84896095788892
gesture_5_20250521_041126_290317.jpg,5,25.589300306901357,9.021406008755212
gesture_5_20250521_041126_353365.jpg,5,25.24112460736807,9.098052831867987
gesture_5_20250521_041126_416714.jpg,5,25.521318408198315,9.071548750205542
gesture_5_20250521_041126_480799.jpg,5,25.449916332225055,9.108149073217824
gesture_5_20250521_041126_562802.jpg,5,25.208016099293904,9.021985121204576
gesture_5_20250521_041126_624209.jpg,5,25.271423475548357,9.015324118835366
gesture_5_20250521_041126_690090.jpg,5,25.755543645683677,8.843286509165674
gesture_5_20250521_041126_755368.jpg,5,25.828507148300602,8.796554805671567
gesture_5_20250521_041126_816785.jpg,5,25.818608897775196,8.872725606013203
gesture_5_20250521_041126_880660.jpg,5,25.794253430357124,8.701031062074499
gesture_5_20250521_041126_960527.jpg,5,26.4086593294064,8.170626662561379
gesture_5_20250521_041127_024731.jpg,5,26.627287195780912,8.166326551526412
gesture_5_20250521_041127_091387.jpg,5,26.1364071266179,8.517235614716236
gesture_5_20250521_041127_153888.jpg,5,26.638080477377027,7.865646394419555
gesture_5_20250521_041127_218950.jpg,5,25.859420719520447,8.57275356952787
gesture_5_20250521_041127_277901.jpg,5,25.89180207739209,8.702419915807317
gesture_5_20250521_041127_360485.jpg,5,26.12284774356175,8.76320014460786
gesture_5_20250521_041127_425353.jpg,5,25.818477592146408,9.132792942968692
gesture_5_20250521_041127_488300.jpg,5,25.929073476154333,9.260194303102718
gesture_5_20250521_041127_553725.jpg,5,25.896757895467854,9.111425686322313
gesture_5_20250521_041127_617581.jpg,5,25.859331387097832,8.88828577149627
gesture_5_20250521_041127_680971.jpg,5,25.702585098055458,8.7686326859067
gesture_5_20250521_041127_745493.jpg,5,25.60542045366864,8.54245271236388
gesture_5_20250521_041127_824049.jpg,5,26.176154715608,7.976931735908524
gesture_5_20250521_041127_890299.jpg,5,26.02618314536805,8.143614362760148
gesture_5_20250521_041127_952183.jpg,5,26.527567035297416,7.561992455847768
gesture_5_20250521_041128_018494.jpg,5,26.58235553433453,7.59015251445096
gesture_5_20250521_041128_081287.jpg,5,26.624224620049322,7.565703840860973
gesture_5_20250521_041128_143949.jpg,5,26.74930679585336,7.445932242103878
gesture_5_20250521_041128_224170.jpg,5,26.92869302489098,7.465211260562474
gesture_5_20250521_041128_291401.jpg,5,26.518272313750504,7.6137540006770354
gesture_5_20250521_041128_356407.jpg,5,25.875720391440044,8.17949019380314
gesture_5_20250521_041128_416435.jpg,5,25.919179357149318,8.335742280386128
gesture_5_20250521_041128_479962.jpg,5,25.763269980884544,8.586451649060965
gesture_5_20250521_041128_544372.jpg,5,25.90376450091706,8.779316731576747
gesture_5_20250521_041128_624712.jpg,5,26.158876244958194,8.964629085395016
gesture_5_20250521_041128_688983.jpg,5,26.338531563627498,9.07096808950556
gesture_5_20250521_041128_752882.jpg,5,26.344887773110834,9.346410919709978
gesture_5_20250521_041128_817290.jpg,5,26.217617113946673,9.409686094662945
gesture_5_20250521_041128_882707.jpg,5,26.20750241535929,9.272121396297994
gesture_5_20250521_041128_946902.jpg,5,26.112865864654733,9.118526272980658
gesture_5_20250521_041129_012415.jpg,5,26.009031556706223,8.946333769377178
gesture_5_20250521_041129_089925.jpg,5,26.15965510298813,8.86043236093341
gesture_5_20250521_041129_150838.jpg,5,26.178236466783847,8.604192374643526
gesture_5_20250521_041129_217353.jpg,5,26.204377550530772,8.446166712198012
gesture_5_20250521_041129_279226.jpg,5,26.63871457659683,7.897683560762733
gesture_5_20250521_041129_344847.jpg,5,26.67227184900458,7.914474385416437
gesture_5_20250521_041129_409176.jpg,5,26.823836066931555,7.702873900809826
gesture_5_20250521_041129_491793.jpg,5,26.540469190475022,7.648090956599519
gesture_5_20250521_041129_552017.jpg,5,26.827539958256448,7.609831289337591
gesture_5_20250521_041129_615879.jpg,5,26.16539424857554,8.244353722785455
gesture_5_20250521_041130_240830.jpg,5,25.589385744451732,8.96688083380044
gesture_5_20250521_041130_796450.jpg,5,25.58440696765844,8.583790745406276
gesture_5_20250521_041130_850670.jpg,5,25.82433818794725,8.552542570271994
gesture_5_20250521_041130_913108.jpg,5,26.60563417382695,7.948320249856372
gesture_5_20250521_041130_976992.jpg,5,26.73624987638711,7.958144775687564
gesture_5_20250521_041131_040131.jpg,5,26.42340738496138,7.748650408503394
gesture_5_20250521_041131_107751.jpg,5,26.259461747874216,7.705602205997649
gesture_5_20250521_041131_214446.jpg,5,26.3508075862771,7.607988257616609
gesture_5_20250521_041131_242467.jpg,5,26.500001164131433,7.494649486757238
gesture_5_20250521_041131_315999.jpg,5,26.365856247930633,7.632024503572105
gesture_5_20250521_041131_378660.jpg,5,26.623644343421315,7.504653168954095
gesture_5_20250521_041131_439829.jpg,5,26.892668807346407,7.623791689076511
gesture_5_20250521_041131_505601.jpg,5,26.638410290854434,7.802006034655076
gesture_5_20250521_041131_618366.jpg,5,25.81441405527596,8.700130380887973
gesture_5_20250521_041131_648490.jpg,5,25.657223048318045,8.93193364036694
gesture_5_20250521_041131_712031.jpg,5,25.68474480088743,9.090002783812288
gesture_5_20250521_041131_777089.jpg,5,25.836671780659604,9.079540855577173
gesture_5_20250521_041131_840425.jpg,5,25.683592650392757,8.963835552209272
gesture_5_20250521_041131_905548.jpg,5,25.80015361223106,8.841403163550435
gesture_5_20250521_041132_017769.jpg,5,26.02976823259789,8.753402891074243
gesture_5_20250521_041132_061229.jpg,5,25.930910993097502,8.717032571613316
gesture_5_20250521_041132_114061.jpg,5,25.749580893301296,8.687644319740633
gesture_5_20250521_041132_174424.jpg,5,26.56272731666078,8.120223374048146
gesture_5_20250521_041132_243482.jpg,5,26.91094248406992,8.055850599614772
gesture_5_20250521_041132_303510.jpg,5,26.802665846026205,8.116355109995883
gesture_5_20250521_041132_400293.jpg,5,26.76826987552244,8.0020340792301
gesture_5_20250521_041132_481749.jpg,5,26.208001196557866,8.420431262527455
gesture_5_20250521_041132_512582.jpg,5,26.244908444796028,8.487011616435094
gesture_5_20250521_041132_577181.jpg,5,26.51201563134403,8.118661483507797
gesture_5_20250521_041132_640321.jpg,5,26.651720342535427,8.058897031059674
gesture_5_20250521_041132_707276.jpg,5,25.88132946520361,8.66441323786027
gesture_5_20250521_041132_799638.jpg,5,25.79154023771311,8.817051573062782
gesture_5_20250521_041132_879554.jpg,5,25.821431312665016,8.837946206555557
gesture_5_20250521_041132_922913.jpg,5,25.760284303907433,8.935231448946253
gesture_5_20250521_041132_977622.jpg,5,25.780914838529043,8.92383859798989
gesture_5_20250521_041133_040334.jpg,5,25.66880374064242,8.881268407121821
gesture_5_20250521_041133_107509.jpg,5,25.62041544254839,8.72507213297255
gesture_5_20250521_041133_201012.jpg,5,26.333767664032276,8.167618436041563
gesture_5_20250521_041133_263819.jpg,5,26.35062600193784,8.148468168270147
gesture_5_20250521_041133_324571.jpg,5,26.57526063755202,8.076392287707222
gesture_5_20250521_041133_411262.jpg,5,26.5078932240127,8.197758666510634
gesture_5_20250521_041133_471944.jpg,5,26.59413637866669,8.228651074224862
gesture_5_20250521_041133_572083.jpg,5,26.6439845934432,8.248335898500814
gesture_5_20250521_041133_634805.jpg,5,25.960435321751625,8.513298589560666
gesture_5_20250521_041133_712622.jpg,5,25.77702888888827,8.621766605369558
gesture_5_20250521_041133_756116.jpg,5,25.962801264930704,8.658079859840914
gesture_5_20250521_041133_808339.jpg,5,25.862825895490268,8.75554131384746
gesture_5_20250521_041133_872891.jpg,5,25.87687722543999,8.979794398289721
gesture_5_20250521_041133_968617.jpg,5,25.524457737835302,9.198016654673024
gesture_5_20250521_041134_031976.jpg,5,25.757573995497236,9.093496616222474
gesture_5_20250521_041134_097601.jpg,5,25.741659209929246,9.068170258299546
gesture_5_20250521_041134_177268.jpg,5,25.734504092561913,9.016762606950325
gesture_5_20250521_041134_208687.jpg,5,25.613431109772595,8.903946456603142
gesture_5_20250521_041134_275392.jpg,5,25.706085612202788,8.82405907779612
gesture_5_20250521_041134_367736.jpg,5,25.642956366850637,8.781589696366703
gesture_5_20250521_041134_432684.jpg,5,25.714441537403914,8.781665162392338
gesture_5_20250521_041135_072864.jpg,5,25.880076254399462,8.87354388511152
gesture_5_20250521_041135_600824.jpg,5,25.811170306136273,8.738079796333354
gesture_5_20250521_041136_129809.jpg,5,25.913058307396856,8.705008954741752
gesture_5_20250521_041136_192941.jpg,5,25.83181787184285,8.860188337266178
gesture_5_20250521_041136_272243.jpg,5,25.653417949185457,8.952810132605402
gesture_5_20250521_041136_316385.jpg,5,25.663938638877745,9.082294601188769
gesture_5_20250521_041136_401029.jpg,5,25.638597339394334,9.164225419349838
gesture_5_20250521_041136_464983.jpg,5,25.6514669575855,9.323420576498394
gesture_5_20250521_041136_529565.jpg,5,25.40239222075163,9.284037714705137
gesture_5_20250521_041136_596162.jpg,5,25.303119325553954,9.158319248916124
gesture_5_20250521_041136_656599.jpg,5,25.554680892281585,8.925628445227678
gesture_5_20250521_041136_715658.jpg,5,25.715672605847256,8.851172136470815
gesture_5_20250521_041136_801857.jpg,5,25.631194218017946,8.79853182627827
gesture_5_20250521_041136_865375.jpg,5,25.623189375278177,8.701948198316083
gesture_5_20250521_041136_930471.jpg,5,25.680841309203643,8.710201056510172
gesture_5_20250521_041136_991969.jpg,5,25.786325076656723,8.675230231517956
gesture_5_20250521_041137_057544.jpg,5,26.167333960482466,8.603443106382457
gesture_5_20250521_041137_138258.jpg,5,26.719714178042413,8.048167225568882
gesture_5_20250521_041137_198943.jpg,5,26.624785575303154,8.096329306062318
gesture_5_20250521_041137_262651.jpg,5,26.47437885085159,8.125387496598714
gesture_5_20250521_041137_328837.jpg,5,26.616603512890187,7.983617457603059
gesture_5_20250521_041137_392994.jpg,5,26.63182949431086,7.942750167761711
gesture_5_20250521_041137_461869.jpg,5,26.10690252979598,8.51739892177476
gesture_5_20250521_041137_535661.jpg,5,26.011482115508205,8.617909781890377
gesture_5_20250521_041137_601619.jpg,5,26.147726841954402,8.72152605826659
gesture_5_20250521_041137_664587.jpg,5,26.023386769665393,8.827102047398627
gesture_5_20250521_041137_727350.jpg,5,26.16673885813161,8.882023888600534
gesture_5_20250521_041137_792423.jpg,5,26.010042583765937,8.935491572341315
gesture_5_20250521_041137_855124.jpg,5,25.978029360343346,8.871452084427592
gesture_5_20250521_041137_921298.jpg,5,25.71382366345659,8.732104641165048
gesture_5_20250521_041138_001373.jpg,5,25.541956038817602,8.685443597375734
gesture_5_20250521_041138_064066.jpg,5,25.66424664574541,8.74142308155666
gesture_5_20250521_041138_129957.jpg,5,25.720363909081133,8.868763148392278
gesture_5_20250521_041138_189478.jpg,5,26.528026152302967,8.425233654965368
gesture_5_20250521_041138_256511.jpg,5,26.301616503256007,8.427080048271456
gesture_5_20250521_041138_318928.jpg,5,25.954042644441532,8.709888320347813
gesture_5_20250521_041138_401025.jpg,5,25.82669550588108,8.761611263177148
gesture_5_20250521_041138_464775.jpg,5,25.89783543939662,8.715734199321412
gesture_5_20250521_041138_529216.jpg,5,25.914200455138637,8.77715971365426
gesture_5_20250521_041138_594815.jpg,5,25.98526375910735,8.742582157561964
gesture_5_20250521_041138_657422.jpg,5,26.011001135974617,8.719228724134114
gesture_5_20250521_041138_723216.jpg,5,25.791860516908166,8.82990881864496
gesture_5_20250521_041139_363250.jpg,5,25.845080903965105,8.750037043793267
gesture_5_20250521_041139_890507.jpg,5,26.000838328253835,8.785403149304024
